URL,Landlord,Bed/Bath,Address,Price,Amenities,DealScore,Flags
https://www.studentrentalslacrosse.com/all-rental-listings-la-crosse/?listing_id=106,Miller Properties,5bd/2ba,2120 Vine St La Crosse WI,"$2,375 ","Trash, Refrigerator, Range/Oven",90,
https://www.studentrentalslacrosse.com/all-rental-listings-la-crosse/?listing_id=111,Three Sixty,3bd/1.5ba,507 13th St North La Crosse WI,"$1,764 ","Trash, Refrigerator, Range/Oven, Dishwasher, Microwave, Heat, Electric, Water",80,
https://www.studentrentalslacrosse.com/all-rental-listings-la-crosse/?listing_id=143,EKIM Properties,2bd/1ba,102 9th St N-RENTED La Crosse WI,$950 ,"Heat, Water, Hot Water, Trash, Refrigerator, Range/Oven, Dishwasher",100,
https://www.studentrentalslacrosse.com/all-rental-listings-la-crosse/?listing_id=144,EKIM Properties,4bd/1ba,112 9th St North La Crosse WI,"$1,800 ","Heat, Electric, Water, Hot Water, Trash, Refrigerator, Range/Oven, Dishwasher",95,
https://www.studentrentalslacrosse.com/all-rental-listings-la-crosse/?listing_id=145,EKIM Properties,1bd/1ba,615 9th St N-RENTED La Crosse WI,$650 ,"Hot Water, Refrigerator, Range/Oven",100,
https://www.studentrentalslacrosse.com/all-rental-listings-la-crosse/?listing_id=155,Off-Campus La Crosse LLC,9bd/2ba,804 Vine St La Crosse WI,"$5,130 ","Refrigerator, Range/Oven, Dishwasher",65,
https://www.studentrentalslacrosse.com/all-rental-listings-la-crosse/?listing_id=157,EKIM Properties,1bd/1ba,905 Main St-RENTED La Crosse WI,"$1,200 ","Heat, Electric, Water, Hot Water, Trash, Refrigerator, Range/Oven, Dishwasher",65,
https://www.studentrentalslacrosse.com/all-rental-listings-la-crosse/?listing_id=160,EKIM Properties,2bd/2ba,933 Cameron Ave-RENTED La Crosse WI,"$1,100 ","Refrigerator, Range/Oven",95,
https://www.studentrentalslacrosse.com/all-rental-listings-la-crosse/?listing_id=162,EKIM Properties,3bd/1ba,104 9th St N-RENTED La Crosse WI,"$1,500 ","Heat, Electric, Water, Hot Water, Trash, Refrigerator, Range/Oven, Dishwasher",90,
https://www.studentrentalslacrosse.com/all-rental-listings-la-crosse/?listing_id=163,EKIM Properties,4bd/1ba,108 9th St North La Crosse WI,"$1,800 ","Water, Hot Water, Trash, Refrigerator, Range/Oven, Dishwasherr",95,
https://www.studentrentalslacrosse.com/all-rental-listings-la-crosse/?listing_id=164,Off-Campus La Crosse LLC,2bd/1ba,1309 10th St South La Crosse WI,$900 ,"Trash, Refrigerator, Range/Oven",100,
https://www.studentrentalslacrosse.com/all-rental-listings-la-crosse/?listing_id=170,Mickelson Properties,3bd/1ba,630 9th St North La Crosse WI,"$1,950 ","Wi-Fi, Basic cable, Storage room, Trash, Refrigerator, Range/Stove, Dishwasher, Microwave",70,
https://www.studentrentalslacrosse.com/all-rental-listings-la-crosse/?listing_id=184,Three Sixty,2bd/1ba,414 11th St North La Crosse WI,"$1,022 ","Trash, Refrigerator, Range/Oven, Dishwasher",100,
https://www.studentrentalslacrosse.com/all-rental-listings-la-crosse/?listing_id=186,Three Sixty,2bd/2ba,420 11th St North La Crosse WI,"$1,640 ","Trash, Refrigerator, Range/Oven, Dishwasher",65,
https://www.studentrentalslacrosse.com/all-rental-listings-la-crosse/?listing_id=197,B.Sawyer Properties,2bd/1ba,700 10th St North La Crosse WI,"$1,080 ","Dishwasher, Trash, Refrigerator, Range/Oven",95,
https://www.studentrentalslacrosse.com/all-rental-listings-la-crosse/?listing_id=198,B.Sawyer Properties,3bd/1ba,700 10th St North La Crosse WI,"$1,620 ","Trash, Refrigerator, Range/Oven, Dishwasher",85,
https://www.studentrentalslacrosse.com/all-rental-listings-la-crosse/?listing_id=199,B.Sawyer Properties,3bd/1ba,632 11th St North La Crosse WI,"$1,515 ","Trash, Refrigerator, Range/Oven",90,
https://www.studentrentalslacrosse.com/all-rental-listings-la-crosse/?listing_id=200,B.Sawyer Properties,1bd/1ba,632 11th St North La Crosse WI,$820 ,"Trash, Refrigerator, Range/Oven",85,
https://www.studentrentalslacrosse.com/all-rental-listings-la-crosse/?listing_id=201,EKIM Properties,3bd/2ba,735 22nd St N-RENTED La Crosse WI,"$1,200 ","Trash, Refrigerator, Range/Oven",100,
https://www.studentrentalslacrosse.com/all-rental-listings-la-crosse/?listing_id=210,Off-Campus La Crosse LLC,8bd/2ba,1019 Zeisler St La Crosse WI,"$3,650 ","Trash, Refrigerator, Range/Oven, Lawn Care",85,
https://www.studentrentalslacrosse.com/all-rental-listings-la-crosse/?listing_id=271,Clarkin Properties,4bd/1ba,1422 Vine St La Crosse WI,"$2,000 ","Trash, Refrigerator, Range/Oven, Dishwasher",85,
https://www.studentrentalslacrosse.com/all-rental-listings-la-crosse/?listing_id=272,Clarkin Properties,4bd/1ba,1418 Vine St La Crosse WI,"$2,000 ","Trash, Refrigerator, Range/Oven, Dishwasher",85,
https://www.studentrentalslacrosse.com/all-rental-listings-la-crosse/?listing_id=273,Clarkin Properties,4bd/2ba,1128 State St La Crosse WI,"$1,900 ","Trash, Refrigerator, Range/Oven",90,
https://www.studentrentalslacrosse.com/all-rental-listings-la-crosse/?listing_id=274,Clarkin Properties,5bd/2ba,725 10th St North La Crosse WI,"$2,250 ","Trash, Refrigerator, Range/Oven, Dishwasher",90,
https://www.studentrentalslacrosse.com/all-rental-listings-la-crosse/?listing_id=277,EKIM Properties,4bd/1ba,903 Main St-RENTED La Crosse WI,"$2,200 ","Trash, Refrigerator, Range/Oven, Dishwasher",80,
https://www.studentrentalslacrosse.com/all-rental-listings-la-crosse/?listing_id=278,EKIM Properties,5bd/2ba,1624 Main St-RENTED La Crosse WI,"$2,500 ","Trash, Refrigerator, Range/Oven",85,
https://www.studentrentalslacrosse.com/all-rental-listings-la-crosse/?listing_id=279,EKIM Properties,3bd/1ba,1212 Ferry St La Crosse WI,"$1,450 ","Trash, Refrigerator, Range/Oven",95,
https://www.studentrentalslacrosse.com/all-rental-listings-la-crosse/?listing_id=28,Miller Properties,5bd/2ba,113 22nd St North La Crosse WI,"$2,375 ","Hot Water, Trash, Refrigerator, Range/Oven, Dishwasher, Disposal",90,
https://www.studentrentalslacrosse.com/all-rental-listings-la-crosse/?listing_id=280,B.Sawyer Properties,2bd/2ba,1031 La Crosse St La Crosse WI,"$1,350 ","Trash, Refrigerator, Range/Oven, Microwave, Dishwasher",75,
https://www.studentrentalslacrosse.com/all-rental-listings-la-crosse/?listing_id=283,Gerrard Properties,4bd/2ba,1135 State St La Crosse WI,"$2,560 ","Trash, Refrigerator, Range/Oven, Dishwasher, Microwave",65,
https://www.studentrentalslacrosse.com/all-rental-listings-la-crosse/?listing_id=284,Gerrard Properties,3bd/1ba,509 10th St North La Crosse WI,"$1,785 ","Trash, Refrigerator, Range/Oven",80,
https://www.studentrentalslacrosse.com/all-rental-listings-la-crosse/?listing_id=285,Gerrard Properties,3bd/1ba,1135 State St La Crosse WI,"$2,025 ","Trash, Refrigerator, Range/Oven, Dishwasher, Mocrowave",65,
https://www.studentrentalslacrosse.com/all-rental-listings-la-crosse/?listing_id=286,Gerrard Properties,2bd/1ba,1125 State St La Crosse WI,"$1,450 ","Trash, Refrigerator, Range/Oven, Dishwasher, Microwave",70,
https://www.studentrentalslacrosse.com/all-rental-listings-la-crosse/?listing_id=287,Gerrard Properties,3bd/1ba,1125 State St La Crosse WI,"$2,085 ","Trash, Refrigerator, Range/Oven, Dishwasher, Microwave",65,
https://www.studentrentalslacrosse.com/all-rental-listings-la-crosse/?listing_id=289,Baumgartner Properties,6bd/2ba,621 11th St N-RENTED La Crosse WI,"$2,200 ","Trash, Refrigerator, Range/Oven",100,
https://www.studentrentalslacrosse.com/all-rental-listings-la-crosse/?listing_id=290,Baumgartner Properties,4bd/2ba,515 10th St North La Crosse WI,"$1,800 ","Trash, Refrigerator, Range/Oven",95,
https://www.studentrentalslacrosse.com/all-rental-listings-la-crosse/?listing_id=291,Baumgartner Properties,4bd/1ba,702 11th St North La Crosse WI,"$1,600 ","Trash, Refrigerator, Range/Oven",100,
https://www.studentrentalslacrosse.com/all-rental-listings-la-crosse/?listing_id=292,B.Sawyer Properties,2bd/1ba,1020 Grove St La Crosse WI,"$1,100 ","Trash, Refrigerator, Range/Oven, Dishwasher, Microwave",95,
https://www.studentrentalslacrosse.com/all-rental-listings-la-crosse/?listing_id=295,Three Sixty,4bd/2ba,421 12th St North La Crosse WI,"$2,480 ","Trash, Refrigerator, Range/Oven",70,
https://www.studentrentalslacrosse.com/all-rental-listings-la-crosse/?listing_id=296,MQuick Properties,4bd/1ba,1607 Market St La Crosse WI,"$1,100 ","Trash, Refrigerator, Range/Oven",100,
https://www.studentrentalslacrosse.com/all-rental-listings-la-crosse/?listing_id=298,Dillaber Properties,2bd/1ba,1113 Vine St La Crosse WI,$890 ,"Trash, Refrigerator, Range/Oven, Dishwasher",100,
https://www.studentrentalslacrosse.com/all-rental-listings-la-crosse/?listing_id=299,Dillaber Properties,2bd/1ba,1246 La Crosse St La Crosse WI,$950 ,"Trash, Refrigerator, Range/Oven, Dishwasher",100,
https://www.studentrentalslacrosse.com/all-rental-listings-la-crosse/?listing_id=302,Biondo Properties,2bd/1ba,801 La Crosse St La Crosse WI,"$1,110 ","Trash, Refrigerator, Range/Oven, Dishwasher",95,
https://www.studentrentalslacrosse.com/all-rental-listings-la-crosse/?listing_id=323,Cappuccio Rentals,3bd/1ba,515 11th St North La Crosse WI,"$1,560 ","Trash, Refrigerator, Range/Oven, Dishwasher, Heat, Electric, Hot Water",90,
https://www.studentrentalslacrosse.com/all-rental-listings-la-crosse/?listing_id=324,AptsLax LLC,3bd/1ba,"624 8th St S, Down, La Crosse WI","$1,250 ","Trash, Refrigerator, Range/Oven",100,
https://www.studentrentalslacrosse.com/all-rental-listings-la-crosse/?listing_id=351,Wise Properties,3bd/1ba,1230 La Crosse St La Crosse WI,"$1,275 ","Trash, Refrigerator, Range/Oven",100,
https://www.studentrentalslacrosse.com/all-rental-listings-la-crosse/?listing_id=352,Wise Properties,3bd/1ba,1428 State St La Crosse WI,"$1,380 ","Trash, Refrigerator, Range/Oven, Dishwasher",100,
https://www.studentrentalslacrosse.com/all-rental-listings-la-crosse/?listing_id=353,Wise Properties,5bd/2ba,1513 Main St La Crosse WI,"$2,025 ","Trash, Refrigerator, Range/Oven",100,
https://www.studentrentalslacrosse.com/all-rental-listings-la-crosse/?listing_id=367,Biondo Properties,2bd/1ba,1241 La Crosse St La Crosse WI,"$1,150 ","Trash, Refrigerator, Range/Oven, Dishwasher",90,
https://www.studentrentalslacrosse.com/all-rental-listings-la-crosse/?listing_id=368,Biondo Properties,2bd/1ba,1261 La Crosse St La Crosse WI,"$1,110 ","Trash, Refrigerator, Range/Oven, Dishwasher",95,
https://www.studentrentalslacrosse.com/all-rental-listings-la-crosse/?listing_id=371,Favre Retnals,5bd/2ba,104 17th Pl South La Crosse WI,"$2,600 ","Trash, Refrigerator, Range/Oven, Dishwasher",80,
https://www.studentrentalslacrosse.com/all-rental-listings-la-crosse/?listing_id=389,Gander Rentals,1bd/1ba,215 15th St N-RENTED La Crosse WI,$580 ,"Trash, Refrigerator, Cook-top, Microwave",100,
https://www.studentrentalslacrosse.com/all-rental-listings-la-crosse/?listing_id=396,B.Sawyer Properties,2bd/1ba,632 11th St North La Crosse WI,"$1,050 ","Trash, Refrigerator, Range/Oven",95,
https://www.studentrentalslacrosse.com/all-rental-listings-la-crosse/?listing_id=397,Dillaber Properties,4bd/2ba,1113 Vine St La Crosse WI,"$1,820 ","Trash, Refrigerator, Range/Oven, Dishwasher",95,
https://www.studentrentalslacrosse.com/all-rental-listings-la-crosse/?listing_id=398,Dillaber Properties,4bd/2ba,1019 Grove St La Crosse WI,"$1,700 ","Trash, Refrigerator, Range/Oven",100,
https://www.studentrentalslacrosse.com/all-rental-listings-la-crosse/?listing_id=399,Cappuccio Rentals,4bd/2ba,509 11th St North La Crosse WI,"$2,200 ","Trash, Refrigerator, Range/Oven, Dishwasher",80,
https://www.studentrentalslacrosse.com/all-rental-listings-la-crosse/?listing_id=400,Classic Housing LLC,4bd/2ba,1100 La Crosse St La Crosse WI,"$2,180 ","Trash, Refrigerator, Range/Oven, Dishwasher",80,
https://www.studentrentalslacrosse.com/all-rental-listings-la-crosse/?listing_id=401,B.Sawyer Properties,4bd/2ba,707 11th St North La Crosse WI,"$2,300 ","Trash, Refrigerator, Range/Oven, Dishwasher, Microwave",75,
https://www.studentrentalslacrosse.com/all-rental-listings-la-crosse/?listing_id=404,JCH Rentals,2bd/1ba,624 10th St N La Crosse WI,$995 ,"Trash, Refrigerator, Range/Oven, Heat and Hot Water",100,
https://www.studentrentalslacrosse.com/all-rental-listings-la-crosse/?listing_id=409,JAMAR Properties,2bd/1ba,216 West Ave North La Crosse WI,"$1,150 ","Trash, Refrigerator, Range/Oven",90,
https://www.studentrentalslacrosse.com/all-rental-listings-la-crosse/?listing_id=410,JAMAR Properties,4bd/2ba,216 West Ave North La Crosse WI,"$2,300 ","Trash, Refrigerator, Range/Oven",75,
https://www.studentrentalslacrosse.com/all-rental-listings-la-crosse/?listing_id=412,RK&D Properties,4bd/2ba,320 13th St North La Crosse WI,"$1,540 ","Trash, Refrigerator, Range/Oven, Water/Hot Water",100,
https://www.studentrentalslacrosse.com/all-rental-listings-la-crosse/?listing_id=413,RK&D Properties,3bd/1ba,1005 Cameron Ave-RENTED La Crosse WI,"$1,060 ","Trash, Refrigerator, Range/Oven, Water/Hot Water",100,
https://www.studentrentalslacrosse.com/all-rental-listings-la-crosse/?listing_id=460,Hilton Properties,5bd/1ba,325 9th St North La Crosse WI,"$1,885 ","Trash, Refrigerator, Range/Oven, Water/Hot Water",100,
https://www.studentrentalslacrosse.com/all-rental-listings-la-crosse/?listing_id=480,Resurrection Rentals,5bd/2ba,"1108 Vine St, La Crosse WI","$3,000 ","Trash, Refrigerator, Range/Oven",65,
https://www.studentrentalslacrosse.com/all-rental-listings-la-crosse/?listing_id=481,Resurrection Rentals,5bd/2ba,1218 Vine St La Crosse WI,"$3,000 ","Trash, Refrigerator, Range/Oven",65,
https://www.studentrentalslacrosse.com/all-rental-listings-la-crosse/?listing_id=482,Resurrection Rentals,5bd/1ba,1222 Vine St La Crosse WI,"$3,000 ","Trash, Refrigerator, Range/Oven",65,
https://www.studentrentalslacrosse.com/all-rental-listings-la-crosse/?listing_id=483,Resurrection Rentals,4bd/1ba,1301 State St La Crosse WI,"$2,400 ","Trash, Refrigerator, Range/Oven",70,
https://www.studentrentalslacrosse.com/all-rental-listings-la-crosse/?listing_id=484,608 Properties,6bd/2ba,1324 Vine St La Crosse WI,"$3,300 ","Trash, Refrigerator, Range/Oven",75,
https://www.studentrentalslacrosse.com/all-rental-listings-la-crosse/?listing_id=485,608 Properties,4bd/1ba,1330 Vine St La Crosse WI,"$2,000 ","Trash, Refrigerator, Range/Oven",85,
https://www.studentrentalslacrosse.com/all-rental-listings-la-crosse/?listing_id=486,608 Properties,5bd/2ba,1401 Vine St La Crosse WI,"$2,750 ","Trash, Refrigerator, Range/Oven",75,
https://www.studentrentalslacrosse.com/all-rental-listings-la-crosse/?listing_id=488,Resurrection Rentals,3bd/2ba,218 13th St North La Crosse WI,"$1,500 ","Trash, Refrigerator, Range/Oven",90,
https://www.studentrentalslacrosse.com/all-rental-listings-la-crosse/?listing_id=489,608 Properties,5bd/2ba,218 West Ave North La Crosse WI,"$2,875 ","Trash, Refrigerator, Range/Oven, Dishwasher",70,
https://www.studentrentalslacrosse.com/all-rental-listings-la-crosse/?listing_id=490,Resurrection Rentals,4bd/2ba,"218 11th St N, La Crosse WI","$2,400 ","Trash, Refrigerator, Range/Oven",70,
https://www.studentrentalslacrosse.com/all-rental-listings-la-crosse/?listing_id=493,Resurrection Rentals,5bd/2ba,"222 11th St N, La Crosse WI","$3,000 ","Trash, Refrigerator, Range/Oven",65,
https://www.studentrentalslacrosse.com/all-rental-listings-la-crosse/?listing_id=495,Resurrection Rentals,5bd/2ba,"230 11th St N, La Crosse WI","$3,000 ","Trash, Refrigerator, Range/Oven",65,
https://www.studentrentalslacrosse.com/all-rental-listings-la-crosse/?listing_id=496,Resurrection Rentals,5bd/1ba,231 13th St North La Crosse WI,"$3,000 ","Trash, Refrigerator, Range/Oven",65,
https://www.studentrentalslacrosse.com/all-rental-listings-la-crosse/?listing_id=504,RK&D Properties,4bd/1ba,"1118 La Crosse St, Down, La Crosse WI","$1,540 ","Trash, Range/Oven",100,
https://www.studentrentalslacrosse.com/all-rental-listings-la-crosse/?listing_id=505,Miller Properties,5bd/2ba,2029 State St La Crosse WI,"$2,375 ","Trash, Refrigerator, Range/Oven",90,
https://www.studentrentalslacrosse.com/all-rental-listings-la-crosse/?listing_id=506,Miller Properties,5bd/2ba,312 21st St North La Crosse WI,"$2,375 ","Trash, Refrigerator, Range/Oven",90,
https://www.studentrentalslacrosse.com/all-rental-listings-la-crosse/?listing_id=523,Dillaber Properties,3bd/1ba,1256 La Crosse St La Crosse WI,"$1,320 ","Trash, Refrigerator, Range/Oven",100,
https://www.studentrentalslacrosse.com/all-rental-listings-la-crosse/?listing_id=526,B.Sawyer Properties,3bd/1ba,730 10th St North La Crosse WI,"$1,665 ","Trash, Refrigerator, Range/Oven, Microwave, Dishwasher",85,
https://www.studentrentalslacrosse.com/all-rental-listings-la-crosse/?listing_id=527,B.Sawyer Properties,3bd/1ba,1229 State St La Crosse WI,"$1,770 ","Trash, Refrigerator, Range/Oven, Microwave, Dishwasher",80,
https://www.studentrentalslacrosse.com/all-rental-listings-la-crosse/?listing_id=535,Dillaber Properties,3bd/1ba,1118 Vine St La Crosse WI,"$1,410 ","Trash, Refrigerator, Range/Oven",95,
https://www.studentrentalslacrosse.com/all-rental-listings-la-crosse/?listing_id=537,Gerrard Properties,3bd/1ba,1010 Vine St La Crosse WI,"$2,145 ","Trash, Refrigerator, Range/Oven, Dishwasher",65,
https://www.studentrentalslacrosse.com/all-rental-listings-la-crosse/?listing_id=539,Baumgartner Properties,3bd/1ba,720 10th St North La Crosse WI,"$1,300 ","Trash, Refrigerator, Range/Oven",100,
https://www.studentrentalslacrosse.com/all-rental-listings-la-crosse/?listing_id=542,AptsLax LLC,3br/1ba,624 8th St South Up-RENTED La Crosse WI,"$1,090 ","Trash, Refrigerator, Range/Oven",95,BEDBATH_FROM_TITLE
https://www.studentrentalslacrosse.com/all-rental-listings-la-crosse/?listing_id=546,Benson Properties,5bd/2ba,912 8th St South La Crosse WI,"$2,475 ","Trash, Refrigerator, Range/Oven, Garbage Disposal, Dishwasher",85,
https://www.studentrentalslacrosse.com/all-rental-listings-la-crosse/?listing_id=547,Benson Properties,3bd/1ba,1228 Pine St La Crosse WI,"$1,710 ","Trash, Refrigerator, Range/Oven, Dishwasher, Disposal",80,
https://www.studentrentalslacrosse.com/all-rental-listings-la-crosse/?listing_id=558,Biondo Properties,4bd/2ba,625 8th St South La Crosse WI,"$1,956 ","Trash, Refrigerator, Range/Oven, Dishwasher",90,
https://www.studentrentalslacrosse.com/all-rental-listings-la-crosse/?listing_id=571,JCH Rentals,2bd/1ba,1026 5th Ave South La Crosse WI,$975 ,"Trash, Refrigerator, Range/Oven, Disposal, Dishwasher",100,
https://www.studentrentalslacrosse.com/all-rental-listings-la-crosse/?listing_id=590,Resurrection Rentals,3bd/1ba,202 13th St North La Crosse WI,"$1,500 ","Trash, Refrigerator, Range/Oven, Dishwasher",90,
https://www.studentrentalslacrosse.com/all-rental-listings-la-crosse/?listing_id=591,Resurrection Rentals,3bd/1ba,221 13th St North #4 La Crosse WI,"$1,800 ","Trash, Refrigerator, Range/Oven, Microwave, Dishwasher",75,
https://www.studentrentalslacrosse.com/all-rental-listings-la-crosse/?listing_id=592,Resurrection Rentals,3bd/1ba,221 13th St North #1 La Crosse WI,"$2,400 ","Trash, Refrigerator, Range/Oven, Dishwasher, Microwave",65,
https://www.studentrentalslacrosse.com/all-rental-listings-la-crosse/?listing_id=61,Miller Properties,Studio/1ba,321 21st St North La Crosse WI,$550 ,"Heat, Electric, Hot Water, Trash, Refrigerator, Range/Oven",100,
https://www.studentrentalslacrosse.com/all-rental-listings-la-crosse/?listing_id=62,Miller Properties,3bd/1ba,317 21st St North La Crosse WI,"$1,425 ","Heat, Electric, Hot Water, Trash, Refrigerator, Range/Oven",95,
https://www.studentrentalslacrosse.com/all-rental-listings-la-crosse/?listing_id=63,Miller Properties,2bd/1ba,319 21st St N-RENTED La Crosse WI,$950 ,"Heat, Electric, Hot Water, Trash, Refrigerator, Range/Oven",100,
https://www.studentrentalslacrosse.com/all-rental-listings-la-crosse/?listing_id=650,Lesniewski LLC,2bd/1ba,620 11th St North La Crosse WI,$890 ,"Trash, Refrigerator, Range/Oven",100,
https://www.studentrentalslacrosse.com/all-rental-listings-la-crosse/?listing_id=658,Miller Properties,5bd/2ba,1526 State St La Crosse WI,"$2,700 ","Trash, Refrigerator, Range/Oven",75,
https://www.studentrentalslacrosse.com/all-rental-listings-la-crosse/?listing_id=665,Gander Rentals,7bd/3ba,2111 State St La Crosse WI,"$3,780 ","Trash, Refrigerator, Range/Oven, Disposal, Dishwasher, Microwave",75,
https://www.studentrentalslacrosse.com/all-rental-listings-la-crosse/?listing_id=673,Legends Living,4bd/2ba,920 7th St South La Crosse WI,"$1,800 ","Water, Hot Water, Trash, Refrigerator, Range/Oven, Disposal, Dishwasher, Microwave",95,
https://www.studentrentalslacrosse.com/all-rental-listings-la-crosse/?listing_id=674,Legends Living,2bd/1ba,114 11th St South La Crosse WI,"$1,000 ","Water, Hot Water, Trash, Refrigerator, Range/Oven, Disposal, Dishwasher, Microwave",100,
https://www.studentrentalslacrosse.com/all-rental-listings-la-crosse/?listing_id=675,Legends Living,2bd/1ba,919 Johnson St La Crosse WI,$900 ,"Water, Hot Water, Trash, Refrigerator, Range/Oven, Disposal, Dishwasher, Microwave",100,
https://www.studentrentalslacrosse.com/all-rental-listings-la-crosse/?listing_id=676,Legends Living,3bd/2ba,930 7th St South La Crosse WI,"$1,350 ","Water, Hot Water, Trash, Refrigerator, Range/Oven, Disposal, Dishwasher, Microwave",100,
https://www.studentrentalslacrosse.com/all-rental-listings-la-crosse/?listing_id=677,Legends Living,2bd/2ba,926 7th St S-HOLD La Crosse WI,$900 ,"Water, Hot Water, Trash, Refrigerator, Range/Oven, Disposal, Dishwasher, Microwave",100,
https://www.studentrentalslacrosse.com/all-rental-listings-la-crosse/?listing_id=678,Legends Living,1bd/1ba,924 7th St S-HOLD La Crosse WI,$450 ,"Water, Hot Water, Trash, Refrigerator, Range/Oven, Disposal, Dishwasher, Microwave",100,
https://www.studentrentalslacrosse.com/all-rental-listings-la-crosse/?listing_id=679,Dillaber Properties,3bd/1ba,1105 Vine St La Crosse WI,"$1,155 ","Trash, Refrigerator, Range/Oven, Disposal",100,
https://www.studentrentalslacrosse.com/all-rental-listings-la-crosse/?listing_id=694,Dillaber Properties,3bd/1ba,520 11th St North La Crosse WI,"$1,260 ","Trash, Refrigerator, Range/Oven, Dishwasher",100,
https://www.studentrentalslacrosse.com/all-rental-listings-la-crosse/?listing_id=699,Favre Retnals,3bd/2ba,1745 King St La Crosse WI,"$1,500 ","Trash, Refrigerator, Range/Oven",90,
https://www.studentrentalslacrosse.com/all-rental-listings-la-crosse/?listing_id=703,JAMAR Properties,3bd/1ba,1408 Madison St La Crosse WI,"$1,850 ","Trash, Refrigerator, Range/Oven",75,
https://www.studentrentalslacrosse.com/all-rental-listings-la-crosse/?listing_id=704,Gander Rentals,6bd/1ba,119 16th St North La Crosse WI,"$3,240 ","Trash, Refrigerator, Range/Oven",75,
https://www.studentrentalslacrosse.com/all-rental-listings-la-crosse/?listing_id=706,JCR Properties,3bd/2ba,713 10th St N-RENTED La Crosse WI,"$1,200 ","Trash, Refrigerator, Range/Oven, Dishwasher, Microwave",100,
https://www.studentrentalslacrosse.com/all-rental-listings-la-crosse/?listing_id=709,Wrobel Rentals,4bd/2ba,430 11th St North La Crosse WI,"$1,600 ","Water, Hot Water, Trash, Refrigerator, Range/Oven, Dishwasher",100,
https://www.studentrentalslacrosse.com/all-rental-listings-la-crosse/?listing_id=710,Karbin Properties,2bd/1ba,132 9th St South La Crosse WI,$920 ,"Trash, Refrigerator, Range/Oven",100,
https://www.studentrentalslacrosse.com/all-rental-listings-la-crosse/?listing_id=714,Karbin Properties,2bd/1ba,126 9th St South La Crosse WI,$920 ,"Trash, Refrigerator, Range/Oven",100,
https://www.studentrentalslacrosse.com/all-rental-listings-la-crosse/?listing_id=715,Karbin Properties,2bd/1ba,128 9th St South La Crosse WI,$940 ,"Trash, Refrigerator, Range/Oven",100,
https://www.studentrentalslacrosse.com/all-rental-listings-la-crosse/?listing_id=716,Karbin Properties,1bd/1ba,134 9th St South #1 La Crosse WI,$720 ,"Trash, Refrigerator, Range/Oven",95,
https://www.studentrentalslacrosse.com/all-rental-listings-la-crosse/?listing_id=717,Cappuccio Rentals,2bd/1ba,"509 11th St N, Down, La Crosse WI","$1,070 ","Trash, Refrigerator, Range/Oven, Dishwasher, Microwave",95,
https://www.studentrentalslacrosse.com/all-rental-listings-la-crosse/?listing_id=718,Karbin Properties,1bd/1ba,134 9th St South #4 La Crosse WI,$760 ,"Water, Trash, Refrigerator, Range/Oven",90,
https://www.studentrentalslacrosse.com/all-rental-listings-la-crosse/?listing_id=719,Karbin Properties,1bd/1ba,134 9th St South #3 La Crosse WI,$720 ,"Trash, Refrigerator, Range/Oven",95,
https://www.studentrentalslacrosse.com/all-rental-listings-la-crosse/?listing_id=720,Karbin Properties,2bd/1ba,130 9th St South La Crosse WI,$940 ,"Trash, Refrigerator, Range/Oven",100,
https://www.studentrentalslacrosse.com/all-rental-listings-la-crosse/?listing_id=721,Karbin Properties,2bd/1ba,109 9th St South La Crosse WI,"$1,200 ","Trash, Refrigerator, Range/Oven",85,
https://www.studentrentalslacrosse.com/all-rental-listings-la-crosse/?listing_id=742,Dillaber Properties,5bd/1.5ba,520 11th St North La Crosse WI,"$2,100 ","Trash, Refrigerator, Range/Oven, Dishwasher",95,
https://www.studentrentalslacrosse.com/all-rental-listings-la-crosse/?listing_id=743,Dillaber Properties,4bd/1ba,1118 Vine St La Crosse WI,"$1,640 ","Trash, Refrigerator, Range/Oven",100,
https://www.studentrentalslacrosse.com/all-rental-listings-la-crosse/?listing_id=744,Dillaber Properties,4bd/1ba,520 11th St North La Crosse WI,"$1,680 ","Trash, Refrigerator, Range/Oven, Dishwasher",100,
https://www.studentrentalslacrosse.com/all-rental-listings-la-crosse/?listing_id=745,Dillaber Properties,4bd/1ba,1107 Vine St La Crosse WI,"$1,880 ","Trash, Refrigerator, Range/Oven",90,
https://www.studentrentalslacrosse.com/all-rental-listings-la-crosse/?listing_id=746,Mickelson Properties,Studio/1ba,1911 West Ave South La Crosse WI,$850 ,"Heat, Gas, Elecricity, Trash, Refrigerator, Range/Oven, Microwave",80,
https://www.studentrentalslacrosse.com/all-rental-listings-la-crosse/?listing_id=747,Off-Campus La Crosse LLC,4bd/1.5ba,1417 State St La Crosse WI,"$2,150 ","Trash, Refrigerator, Range/Oven",80,
https://www.studentrentalslacrosse.com/all-rental-listings-la-crosse/?listing_id=748,Gerrard Properties,2bd/1ba,1010 Vine St La Crosse WI,"$1,500 ","Trash, Refrigerator, Range/Oven, Dishwasher",65,
https://www.studentrentalslacrosse.com/all-rental-listings-la-crosse/?listing_id=749,Gerrard Properties,4bd/2ba,1010 Vine St La Crosse WI,"$2,840 ","Trash, Refrigerator, Range/Oven, Dishwasher",65,
https://www.studentrentalslacrosse.com/all-rental-listings-la-crosse/?listing_id=750,DBB Properties,3bd/1ba,1217 State St La Crosse WI,"$1,425 ","Trash, Refrigerator, Range/Oven, Lawn/Snow",95,
https://www.studentrentalslacrosse.com/all-rental-listings-la-crosse/?listing_id=751,DBB Properties,4bd/1.5ba,1217 State St La Crosse WI,"$1,900 ","Trash, Refrigerator, Range/Oven, Lawn/Snow",90,
https://www.studentrentalslacrosse.com/all-rental-listings-la-crosse/?listing_id=752,DBB Properties,2bd/1ba,1217 State St-RENTED La Crosse WI,$950 ,"Trash, Refrigerator, Range/Oven, Lawn/Snow",100,
https://www.studentrentalslacrosse.com/all-rental-listings-la-crosse/?listing_id=753,Hougom Properties,2bd/1ba,132 11th St South La Crosse WI,$650 ,"Trash, Refrigerator, Range/Oven, Lawn/Snow",100,
https://www.studentrentalslacrosse.com/all-rental-listings-la-crosse/?listing_id=754,Dillaber Properties,3bd/1ba,321 15th St North La Crosse WI,"$1,230 ","Trash, Refrigerator, Range/Oven",100,
https://www.studentrentalslacrosse.com/all-rental-listings-la-crosse/?listing_id=755,Off-Campus La Crosse LLC,3bd/1ba,1408 Vine St La Crosse WI,"$1,650 ","Trash, Refrigerator, Range/Oven",85,
https://www.studentrentalslacrosse.com/all-rental-listings-la-crosse/?listing_id=757,Cappuccio Rentals,2bd/1ba,"509 11th St N, Up, La Crosse WI","$1,100 ","Trash, Refrigerator, Range/Oven, Dishwasher, Microwave",95,
https://www.studentrentalslacrosse.com/all-rental-listings-la-crosse/?listing_id=758,G&N Properties,4bd/2ba,1300 Vine St La Crosse WI,"$1,940 ","Trash, Refrigerator, Range/Oven, Water & Sewer",90,
https://www.studentrentalslacrosse.com/all-rental-listings-la-crosse/?listing_id=759,JAMAR Properties,1bd/1ba,210 West Ave North La Crosse WI,$905 ,"Trash, Refrigerator, Range/Oven",75,
https://www.studentrentalslacrosse.com/all-rental-listings-la-crosse/?listing_id=765,Favre Retnals,5bd/1.5ba,112 17th St South La Crosse WI,"$2,600 ","Trash, Refrigerator, Range/Oven",80,
https://www.studentrentalslacrosse.com/all-rental-listings-la-crosse/?listing_id=767,JCR Properties,3bd/1ba,627 10th St North La Crosse WI,"$1,500 ","Trash, Refrigerator, Range/Oven",90,
https://www.studentrentalslacrosse.com/all-rental-listings-la-crosse/?listing_id=768,G&N Properties,2bd/1ba,"1310 State St, Up, La Crosse WI",$900 ,"Water, Trash, Refrigerator, Range/Oven",100,
https://www.studentrentalslacrosse.com/all-rental-listings-la-crosse/?listing_id=769,G&N Properties,4bd/1ba,"1308 State St, Down, La Crosse WI","$1,964 ","Trash, Refrigerator, Range/Oven, Heat",90,
https://www.studentrentalslacrosse.com/all-rental-listings-la-crosse/?listing_id=770,Baumgartner Properties,5bd/2ba,702 11th St North La Crosse WI,"$2,000 ","Trash, Refrigerator, Range/Oven",100,
https://www.studentrentalslacrosse.com/all-rental-listings-la-crosse/?listing_id=771,G&N Properties,4bd/1ba,214 14th St North La Crosse WI,"$2,375 ","Trash, Refrigerator, Range/Oven",65,LANDLORD_FROM_TITLE
https://www.studentrentalslacrosse.com/all-rental-listings-la-crosse/?listing_id=772,G&N Properties,4bd/1ba,"1915 State St, Down, La Crosse WI","$2,000 ","Trash, Refrigerator, Range/Oven",85,
https://www.studentrentalslacrosse.com/all-rental-listings-la-crosse/?listing_id=773,G&N Properties,2bd/1ba,"1917 State St, Up, La Crosse WI",$920 ,"Trash, Refrigerator, Range/Oven",100,
https://www.studentrentalslacrosse.com/all-rental-listings-la-crosse/?listing_id=774,Gander Rentals,5bd/2ba,1320 Main St La Crosse WI,"$2,700 ","Trash, Refrigerator, Range/Oven",75,
https://www.studentrentalslacrosse.com/all-rental-listings-la-crosse/?listing_id=775,EKIM Properties,3bd/1ba,222 10th St S-RENTED La Crosse WI,"$1,500 ","Trash, Refrigerator, Range/Oven",90,
https://www.studentrentalslacrosse.com/all-rental-listings-la-crosse/?listing_id=777,RK&D Properties,2bd/1ba,1116 La Crosse St Up La Crosse WI,$770 ,"Trash, Refrigerator, Range/Oven",100,
https://www.studentrentalslacrosse.com/all-rental-listings-la-crosse/?listing_id=778,608 Properties,3bd/2ba,228 Main St-RENTED La Crosse WI,"$1,500 ","Trash, Refrigerator, Range/Oven, Dishwasher, Disposal",90,
https://www.studentrentalslacrosse.com/all-rental-listings-la-crosse/?listing_id=780,Wedgewood Commons,Studio/1ba,1935 Miller St La Crosse WI,$825 ,"Trash, Refrigerator, Range/Oven, Heat, Electric, Water, Hot Water",85,
https://www.studentrentalslacrosse.com/all-rental-listings-la-crosse/?listing_id=781,Wedgewood Commons,1bd/1ba,1935 Miller St La Crosse WI,$945 ,"Trash, Refrigerator, Range/Oven, Dishwasher",75,
https://www.studentrentalslacrosse.com/all-rental-listings-la-crosse/?listing_id=782,Wedgewood Commons,3bd/1ba,1935 Miller St La Crosse WI,"$1,190 ","Trash, Refrigerator, Range/Oven, Heat, Electric, Water, Hot Water, Dishwasher, Microwave",100,
https://www.studentrentalslacrosse.com/all-rental-listings-la-crosse/?listing_id=783,Wedgewood Commons,2bd/2ba,1935 Miller St La Crosse WI,"$1,295 ","Trash, Refrigerator, Range/Oven, Heat, Electric, Water, Hot Water, Dishwasher, Microwave",80,
https://www.studentrentalslacrosse.com/all-rental-listings-la-crosse/?listing_id=784,Wedgewood Commons,3bd/2ba,1935 Miller St La Crosse WI,"$1,295 ","Trash, Refrigerator, Range/Oven, Heat, Electric, Water, Hot Water, Dishwasher, Microwave",100,
https://www.studentrentalslacrosse.com/all-rental-listings-la-crosse/?listing_id=785,Wedgewood Commons,Studio/1ba,1935 Miller St La Crosse WI,$685 ,"Trash, Refrigerator, Range/Oven, Heat, Electric, Water, Hot Water, Dishwasher, Microwave",100,
https://www.studentrentalslacrosse.com/all-rental-listings-la-crosse/?listing_id=787,Wedgewood Commons,2bd/1ba,1935 Miller St La Crosse WI,"$1,115 ","Trash, Refrigerator, Range/Oven, Heat, Electric, Water, Hot Water, Dishwasher, Microwave",95,
https://www.studentrentalslacrosse.com/all-rental-listings-la-crosse/?listing_id=788,JCR Properties,3bd/1ba,918 Grove St La Crosse WI,"$1,500 ","Trash, Refrigerator, Range/Oven, Dishwasher",90,
https://www.studentrentalslacrosse.com/all-rental-listings-la-crosse/?listing_id=789,Off-Campus La Crosse LLC,9bd/3.5ba,1315 State St La Crosse WI,"$5,500 ","Trash, Refrigerator, Range/Oven",65,
https://www.studentrentalslacrosse.com/all-rental-listings-la-crosse/?listing_id=790,Wrobel Rentals,2bd/1ba,1008 13th St South La Crosse WI,$850 ,"Water, Trash, Refrigerator, Range/Oven, Dishwasher",100,
https://www.studentrentalslacrosse.com/all-rental-listings-la-crosse/?listing_id=791,Alkar Apartments,5bd/1ba,311 14th St North La Crosse WI,"$2,175 ","Trash, Refrigerator, Range/Oven, Mowing",95,
https://www.studentrentalslacrosse.com/all-rental-listings-la-crosse/?listing_id=796,G&N Properties,2bd/1ba,616 Kane St La Crosse WI,$850 ,"Trash, Refrigerator, Range/Oven, Dishwasher, Disposal",100,
https://www.studentrentalslacrosse.com/all-rental-listings-la-crosse/?listing_id=797,JCR Properties,2bd/1ba,523 Wilson St Onalaska WI,"$1,200 ","Trash, Refrigerator, Range/Oven, Dishwasher",85,
https://www.studentrentalslacrosse.com/all-rental-listings-la-crosse/?listing_id=798,Legends Living,2bd/1ba,923 Johnson St-SOLD La Crosse WI,$900 ,"Trash, Refrigerator, Range/Oven",100,
https://www.studentrentalslacrosse.com/all-rental-listings-la-crosse/?listing_id=799,Legends Living,3bd/1ba,921 Johnson St-SOLD La Crosse WI,"$1,350 ","Trash, Refrigerator, Range/Oven",100,
https://www.studentrentalslacrosse.com/all-rental-listings-la-crosse/?listing_id=801,Off-Campus La Crosse LLC,4bd/2ba,318 21st St North La Crosse WI,"$2,000 ","Trash, Refrigerator, Range/Oven",85,
https://www.studentrentalslacrosse.com/all-rental-listings-la-crosse/?listing_id=802,Off-Campus La Crosse LLC,4bd/2ba,119 22nd St North La Crosse WI,"$2,400 ","Trash, Refrigerator, Range/Oven",70,
https://www.studentrentalslacrosse.com/all-rental-listings-la-crosse/?listing_id=803,Off-Campus La Crosse LLC,4bd/2ba,425 12th St North La Crosse WI,"$2,260 ","Trash, Refrigerator, Range/Oven",75,
https://www.studentrentalslacrosse.com/all-rental-listings-la-crosse/?listing_id=804,Off-Campus La Crosse LLC,2bd/1ba,1408 Vine St La Crosse WI,"$1,100 ","Trash, Refrigerator, Range/Oven",95,
https://www.studentrentalslacrosse.com/all-rental-listings-la-crosse/?listing_id=805,Benson Properties,1bd/1ba,1125 Pine St La Crosse WI,$995 ,"Trash, Refrigerator, Range/Oven, Dishwasher, Microwave, Disposal",70,
https://www.studentrentalslacrosse.com/all-rental-listings-la-crosse/?listing_id=806,Benson Properties,2bd/1ba,1125 Pine St La Crosse WI,"$1,350 ","Trash, Refrigerator, Range/Oven, Dishwasher, Microwave, Disposal",75,
https://www.studentrentalslacrosse.com/all-rental-listings-la-crosse/?listing_id=807,Benson Properties,3bd/1ba,1125 Pine St La Crosse WI,"$1,785 ","Trash, Refrigerator, Range/Oven, Dishwasher, Microwave, Disposal",80,
https://www.studentrentalslacrosse.com/all-rental-listings-la-crosse/?listing_id=808,Benson Properties,4bd/2ba,1018 Badger St La Crosse WI,"$2,560 ","Trash, Refrigerator, Range/Oven, Dishwasher, Disposal",65,
https://www.studentrentalslacrosse.com/all-rental-listings-la-crosse/?listing_id=810,Dillaber Properties,4bd/1ba,521 10th St North La Crosse WI,"$1,380 ","Trash, Refrigerator, Range/Oven",100,
https://www.studentrentalslacrosse.com/all-rental-listings-la-crosse/?listing_id=811,Dillaber Properties,2bd/1ba,1320 Vine St La Crosse WI,"$1,100 ","Trash, Refrigerator, Range/Oven",95,
https://www.studentrentalslacrosse.com/all-rental-listings-la-crosse/?listing_id=812,EKIM Properties,2bd/1ba,114 9th St North La Crosse WI,"$1,050 ","Trash, Refrigerator, Range/Oven",95,
https://www.studentrentalslacrosse.com/all-rental-listings-la-crosse/?listing_id=813,MackHighland Properties,5bd/2ba,2108 Pine St La Crosse WI,"$2,400 ","Trash, Refrigerator, Range/Oven",85,
https://www.studentrentalslacrosse.com/all-rental-listings-la-crosse/?listing_id=814,Off-Campus La Crosse LLC,5bd/2ba,917 Badger St La Crosse WI,"$3,900 ","Trash, Refrigerator, Range/Oven, Microwave",65,
https://www.studentrentalslacrosse.com/all-rental-listings-la-crosse/?listing_id=816,B.Sawyer Properties,6bd/2ba,1027 Grove St La Crosse WI,"$3,030 ","Trash, Refrigerator, Range/Oven, Dishwasher",80,
https://www.studentrentalslacrosse.com/all-rental-listings-la-crosse/?listing_id=817,McKeogh Properties,4bd/2ba,1242 La Crosse St La Crosse WI,"$1,800 ","Trash, Refrigerator, Range/Oven",95,
https://www.studentrentalslacrosse.com/all-rental-listings-la-crosse/?listing_id=818,Wise Properties,Studio/1ba,525 9th St South La Crescent MN,$530 ,"Trash, Refrigerator, Range/Oven",100,
https://www.studentrentalslacrosse.com/all-rental-listings-la-crosse/?listing_id=819,Off-Campus La Crosse LLC,4bd/1ba,915 8th St South La Crosse WI,"$1,750 ","Trash, Refrigerator, Range/Oven",95,
https://www.studentrentalslacrosse.com/all-rental-listings-la-crosse/?listing_id=821,JTH Homes,5bd/3ba,1207 Ferry St-RENTED La Crosse WI,"$2,500 ","Trash, Refrigerator, Range/Oven, Disposal, Dishwasher",85,
https://www.studentrentalslacrosse.com/all-rental-listings-la-crosse/?listing_id=822,Buchner Properties,5bd/2.5ba,1923 State St La Crosse WI,"$3,000 ","Trash, Refrigerator, Range/Oven",65,
https://www.studentrentalslacrosse.com/all-rental-listings-la-crosse/?listing_id=824,Pedace Properties,1bd/1ba,307 23rd St South La Crosse WI,$900 ,"Heat, Gas, Electricity, Water",75,
https://www.studentrentalslacrosse.com/all-rental-listings-la-crosse/?listing_id=825,Pedace Properties,Studio/1ba,311 23rd St South La Crosse WI,$800 ,"Heat, Gas, Electricity, Water",85,
https://www.studentrentalslacrosse.com/all-rental-listings-la-crosse/?listing_id=826,Buchner Properties,4bd/2ba,2015 Vine St La Crosse WI,"$2,000 ","Trash, Refrigerator, Stove/Oven",85,
https://www.studentrentalslacrosse.com/all-rental-listings-la-crosse/?listing_id=827,Favre Retnals,3bd/2ba,1747 King St La Crosse WI,"$1,600 ","Trash, Refrigerator, Range/Oven",85,
https://www.studentrentalslacrosse.com/all-rental-listings-la-crosse/?listing_id=828,Pedace Properties,2bd/1ba,229 22nd St South La Crosse WI,"$1,200 ","Heat, Trash, Refrigerator, Range/Oven, Dishwasher",85,
https://www.studentrentalslacrosse.com/all-rental-listings-la-crosse/?listing_id=829,Coleman Properties,3bd/2ba,1903 State St La Crosse WI,"$1,350 ","Trash, Refrigerator, Stove/Oven",100,
https://www.studentrentalslacrosse.com/all-rental-listings-la-crosse/?listing_id=83,Wise Properties,3bd/1ba,107 14th St North La Crosse WI,"$1,470 ","Heat, Electric, Hot Water, Trash, Refrigerator, Range/Oven",95,
https://www.studentrentalslacrosse.com/all-rental-listings-la-crosse/?listing_id=830,Coleman Properties,4bd/1ba,1911 State St La Crosse WI,"$1,750 ","Trash, Refrigerator, Stove/Oven",95,
https://www.studentrentalslacrosse.com/all-rental-listings-la-crosse/?listing_id=831,Coleman Properties,3bd/1ba,1929 Main St La Crosse WI,"$1,350 ","Trash, Refrigerator, Stove/Oven",100,
https://www.studentrentalslacrosse.com/all-rental-listings-la-crosse/?listing_id=832,Coleman Properties,5bd/1.5ba,1931 Main St La Crosse WI,"$2,000 ","Trash, Refrigerator, Stove/Oven",100,
https://www.studentrentalslacrosse.com/all-rental-listings-la-crosse/?listing_id=833,Benson Properties,4bd/1ba,1113 Pine St La Crosse WI,"$2,300 ","Trash, Refrigerator, Range/Oven",75,
https://www.studentrentalslacrosse.com/all-rental-listings-la-crosse/?listing_id=834,AptsLax LLC,3bd/1ba,2105 La Crosse St La Crosse WI,"$1,380 ","Trash, Refrigerator, Stove/Oven",100,
https://www.studentrentalslacrosse.com/all-rental-listings-la-crosse/?listing_id=835,Three Sixty,2bd/1ba,720 Oakland St La Crosse WI,$960 ,"Trash, Refrigerator, Stove/Oven, Dishwasher",100,
https://www.studentrentalslacrosse.com/all-rental-listings-la-crosse/?listing_id=837,JTH Homes,4bd/2ba,1209 Ferry St-RENTED La Crosse WI,"$2,200 ","Trash, Refrigerator, Range/Oven, Dishwasher",80,
https://www.studentrentalslacrosse.com/all-rental-listings-la-crosse/?listing_id=838,G&N Properties,4bd/1ba,212 14th St North La Crosse WI,"$1,860 ","Trash, Refrigerator, Stove/Oven",90,LANDLORD_FROM_TITLE
https://www.studentrentalslacrosse.com/all-rental-listings-la-crosse/?listing_id=839,Resurrection Rentals,5bd/2ba,212 11th St North La Crosse WI,"$3,000 ","Trash, Refrigerator, Range/Oven",65,
https://www.studentrentalslacrosse.com/all-rental-listings-la-crosse/?listing_id=84,Wise Properties,2bd/1ba,609 East Ave South La Crosse WI,$900 ,"Trash, Refrigerator, Range/Oven",100,
https://www.studentrentalslacrosse.com/all-rental-listings-la-crosse/?listing_id=840,Munson Realty,Studio/1ba,1333 Main St La Crosse WI,$675 ,"Trash, Refrigerator, Range/Oven",100,
https://www.studentrentalslacrosse.com/all-rental-listings-la-crosse/?listing_id=841,Munson Realty,Studio/1ba,218 West Ave South La Crosse WI,$650 ,"Trash, Refrigerator, Range/Oven",100,
https://www.studentrentalslacrosse.com/all-rental-listings-la-crosse/?listing_id=842,Munson Realty,1bd/1ba,218 West Ave South La Crosse WI,$750 ,"Trash, Refrigerator, Range/Oven",90,
https://www.studentrentalslacrosse.com/all-rental-listings-la-crosse/?listing_id=843,Munson Realty,2bd/1ba,1009 State St La Crosse WI,"$1,200 ","Trash, Refrigerator, Range/Oven",85,
https://www.studentrentalslacrosse.com/all-rental-listings-la-crosse/?listing_id=844,Munson Realty,2bd/1ba,1019 State St La Crosse WI,$950 ,"Trash, Refrigerator, Range/Oven",100,
https://www.studentrentalslacrosse.com/all-rental-listings-la-crosse/?listing_id=845,Munson Realty,1bd/1ba,1333 Main St La Crosse WI,$825 ,"Trash, Refrigerator, Range/Oven",85,
https://www.studentrentalslacrosse.com/all-rental-listings-la-crosse/?listing_id=846,Munson Realty,2bd/1ba,1333 Main St La Crosse WI,"$1,195 ","Trash, Refrigerator, Range/Oven",90,
https://www.studentrentalslacrosse.com/all-rental-listings-la-crosse/?listing_id=847,Munson Realty,3bd/1ba,1222 State St-RENTED La Crosse WI,"$1,495 ","Trash, Refrigerator, Range/Oven",95,
https://www.studentrentalslacrosse.com/all-rental-listings-la-crosse/?listing_id=848,Munson Realty,3bd/1ba,1224 State St-RENTED La Crosse WI,"$1,485 ","Trash, Refrigerator, Range/Oven",95,
https://www.studentrentalslacrosse.com/all-rental-listings-la-crosse/?listing_id=849,Munson Realty,3bd/1ba,1019 State St La Crosse WI,"$1,300 ","Trash, Refrigerator, Range/Oven",100,
https://www.studentrentalslacrosse.com/all-rental-listings-la-crosse/?listing_id=850,Munson Realty,4bd/2ba,214 West Ave South La Crosse WI,"$2,200 ","Trash, Refrigerator, Range/Oven",80,
https://www.studentrentalslacrosse.com/all-rental-listings-la-crosse/?listing_id=851,Munson Realty,2bd/1ba,1013 State St La Crosse WI,$950 ,"Trash, Refrigerator, Range/Oven",100,
https://www.studentrentalslacrosse.com/all-rental-listings-la-crosse/?listing_id=852,Off-Campus La Crosse LLC,3bd/1ba,623 7th St South La Crosse WI,"$1,400 ","Trash, Refrigerator, Stove/Oven",95,
https://www.studentrentalslacrosse.com/all-rental-listings-la-crosse/?listing_id=853,JAMAR Properties,2bd/2ba,212 West Ave North La Crosse WI,"$1,150 ","Trash, Refrigerator, Stove/Oven",90,
https://www.studentrentalslacrosse.com/all-rental-listings-la-crosse/?listing_id=854,JAMAR Properties,4bd/1ba,208 West Ave North La Crosse WI,"$2,300 ","Trash, Refrigerator, Stove/Oven",75,
https://www.studentrentalslacrosse.com/all-rental-listings-la-crosse/?listing_id=856,Weis Rentals,5bd/2ba,741 23rd St North La Crosse WI,"$2,500 ","Trash, Refrigerator, Range/Oven, Dishwasher",85,
https://www.studentrentalslacrosse.com/all-rental-listings-la-crosse/?listing_id=857,Off-Campus La Crosse LLC,5bd/3ba,322 21st St North La Crosse WI,"$3,554 ","Trash, Refrigerator, Range/Oven",65,
https://www.studentrentalslacrosse.com/all-rental-listings-la-crosse/?listing_id=86,Wise Properties,3bd/1ba,111 14th St N-RENTED La Crosse WI,"$1,470 ","Heat, Electric, Hot Water, Trash, Refrigerator, Range/Oven",95,
https://www.studentrentalslacrosse.com/all-rental-listings-la-crosse/?listing_id=860,Gander Rentals,3bd/1ba,1435 State St La Crosse WI,"$1,620 ","Trash, Refrigerator, Stove/Oven, Microwave, Disposal, and Dishwasher",85,
https://www.studentrentalslacrosse.com/all-rental-listings-la-crosse/?listing_id=861,Gander Rentals,4bd/1ba,1437 State St La Crosse WI,"$2,080 ","Trash, Refrigerator, Stove/Oven, Microwave, Disposal, and Dishwasher",85,
https://www.studentrentalslacrosse.com/all-rental-listings-la-crosse/?listing_id=862,MAT Properties,6bd/2ba,774 22nd St N-RENTED La Crosse WI,"$2,760 ","Trash, Refrigerator, Stove/Oven, Dishwasher",90,
https://www.studentrentalslacrosse.com/all-rental-listings-la-crosse/?listing_id=863,MackHighland Properties,4bd/2ba,2201 La Crosse St La Crosse WI,"$1,800 ","Trash, Refrigerator, Range/Oven, Microwave, Dishwasher",95,
https://www.studentrentalslacrosse.com/all-rental-listings-la-crosse/?listing_id=864,Coleman Properties,2bd/2ba,1440 Sunset Ct La Crosse WI,"$1,250 ","Trash, Refrigerator, Stove/Oven, Dishwasher, Microwave",85,
https://www.studentrentalslacrosse.com/all-rental-listings-la-crosse/?listing_id=865,Coleman Properties,1bd/1ba,544 2nd Ave North Onalaska WI,$725 ,"Trash, Refrigerator, Stove/Oven",95,
https://www.studentrentalslacrosse.com/all-rental-listings-la-crosse/?listing_id=868,Three Sixty,3bd/1ba,431 West Ave North La Crosse WI,"$1,099 ","Trash, Refrigerator, Stove/Oven, Dishwasher",100,
https://www.studentrentalslacrosse.com/all-rental-listings-la-crosse/?listing_id=869,Resurrection Rentals,4bd/2ba,221 13th St North #5 La Crosse WI,"$3,000 ","Trash, Refrigerator, Stove/Oven",65,
https://www.studentrentalslacrosse.com/all-rental-listings-la-crosse/?listing_id=870,HNT Properties,3bd/1ba,1226 Madison St La Crosse WI,"$1,400 ","Trash, Refrigerator, Stove/Oven",95,
https://www.studentrentalslacrosse.com/all-rental-listings-la-crosse/?listing_id=872,MackHighland Properties,1bd/1ba,700 22nd St North La Crosse WI,$850 ,"Trash, Refrigerator, Range/Oven",80,
https://www.studentrentalslacrosse.com/all-rental-listings-la-crosse/?listing_id=873,608 Properties,3bd/1ba,101 West Ave North La Crosse WI,"$1,875 ","Trash, Refrigerator, Stove/Oven, Dishwasher, Microwave",75,
https://www.studentrentalslacrosse.com/all-rental-listings-la-crosse/?listing_id=874,RK&D Properties,1bd/1ba,1003 Cameron Ave-RENTED La Crosse WI,$875 ,"Trash, Refrigerator, Range/Oven",80,
https://www.studentrentalslacrosse.com/all-rental-listings-la-crosse/?listing_id=875,Casey Properties,4bd/1ba,209 14th St North La Crosse WI,"$1,600 ","Water, Trash, Refrigerator, Range/Oven",100,
https://www.studentrentalslacrosse.com/all-rental-listings-la-crosse/?listing_id=876,Off-Campus La Crosse LLC,2bd/1ba,1203 Badger St La Crosse WI,"$1,590 ","Trash, Refrigerator, Range/Oven",65,
https://www.studentrentalslacrosse.com/all-rental-listings-la-crosse/?listing_id=879,Favre Retnals,5bd/2ba,"1801 Cameron Ave, Down, La Crosse WI","$2,500 ","Trash, Refrigerator, Range/Oven",85,
https://www.studentrentalslacrosse.com/all-rental-listings-la-crosse/?listing_id=880,Favre Retnals,2bd/1ba,1803 Cameron Ave Up La Crosse WI,"$1,200 ","Trash, Refrigerator, Range/Oven",85,
https://www.studentrentalslacrosse.com/all-rental-listings-la-crosse/?listing_id=881,Three Sixty,2bd/1ba,2012 Campbell Rd La Crosse WI,"$1,695 ","Trash, Refrigerator, Stove/Oven, Dishwasher, Microwave",65,
https://www.studentrentalslacrosse.com/all-rental-listings-la-crosse/?listing_id=882,Three Sixty,2bd/2ba,1231 Hagar St La Crosse WI,"$1,615 ","Trash, Refrigerator, Stove/Oven, Dishwasher, Microwave",65,
https://www.studentrentalslacrosse.com/all-rental-listings-la-crosse/?listing_id=883,G&N Properties,1bd/1ba,622 Kane St La Crosse WI,$700 ,"Trash, Refrigerator, Range/Oven",95,
https://www.studentrentalslacrosse.com/all-rental-listings-la-crosse/?listing_id=885,Gander Rentals,6bd/2ba,219 15th St North La Crosse WI,"$3,000 ","Trash, Refrigerator, Range/Oven",80,
https://www.studentrentalslacrosse.com/all-rental-listings-la-crosse/?listing_id=886,Karbin Properties,3bd/1ba,107 9th St South La Crosse WI,"$1,500 ","Trash, Refrigerator, Range/Oven",90,
https://www.studentrentalslacrosse.com/all-rental-listings-la-crosse/?listing_id=887,Resurrection Rentals,4bd/2ba,"221 13th St North #3 La Crosse, WI","$2,400 ","Trash, Refrigerator, Range/Oven",70,
https://www.studentrentalslacrosse.com/all-rental-listings-la-crosse/?listing_id=888,Resurrection Rentals,5bd/2ba,221 13th St North #2 La Crosse WI,"$3,000 ","Trash, Refrigerator, Range/Oven",65,
https://www.studentrentalslacrosse.com/all-rental-listings-la-crosse/?listing_id=889,Common Ground Property,5bd/2ba,325 14th St North La Crosse WI,"$2,625 ","Trash, Refrigerator, Range/Oven, Dishwasher, Microwave,",80,
https://www.studentrentalslacrosse.com/all-rental-listings-la-crosse/?listing_id=890,Miller Properties,4bd/2ba,1325 State St La Crosse WI,"$2,520 ","Trash, Refrigerator, Range/Oven",65,
https://www.studentrentalslacrosse.com/all-rental-listings-la-crosse/?listing_id=892,608 Properties,4bd/1ba,227 14th St North La Crosse WI,"$2,000 ","Trash, Range/Oven, Refrigerator",85,
https://www.studentrentalslacrosse.com/all-rental-listings-la-crosse/?listing_id=893,JCR Properties,2bd/1ba,717 10th St North La Crosse WI,"$1,200 ","Trash, Refrigerator, Stove/Oven",85,
https://www.studentrentalslacrosse.com/all-rental-listings-la-crosse/?listing_id=894,Legends Living,2bd/1ba,927 Division St La Crosse WI,"$1,200 ","Trash, Refrigerator, Stove/Oven",85,
https://www.studentrentalslacrosse.com/all-rental-listings-la-crosse/?listing_id=897,608 Properties,3bd/1ba,125 19th St North La Crosse WI,"$1,650 ","Trash, Refrigerator, Stove/Oven, Dishwasher",85,
https://www.studentrentalslacrosse.com/all-rental-listings-la-crosse/?listing_id=898,Miller Properties,4bd/1ba,221 West Ave North La Crosse WI,"$1,980 ","Trash, Refrigerator, Stove/Oven, Dishwasher",90,
https://www.studentrentalslacrosse.com/all-rental-listings-la-crosse/?listing_id=899,Miller Properties,5bd/1ba,223 West Ave North La Crosse WI,"$2,475 ","Trash, Refrigerator, Stove/Oven, Dishwasher",85,
https://www.studentrentalslacrosse.com/all-rental-listings-la-crosse/?listing_id=900,Benson Properties,1bd/1ba,334 West Ave North La Crosse WI,$920 ,"Trash, Refrigerator, Stove/Oven",75,
https://www.studentrentalslacrosse.com/all-rental-listings-la-crosse/?listing_id=92,Wise Properties,2bd/1ba,1425 State St La Crosse WI,$850 ,"Trash, Refrigerator, Range/Oven",100,
https://www.studentrentalslacrosse.com/all-rental-listings-la-crosse/?listing_id=97,AptsLax LLC,3bd/1ba,2103 La Crosse St-RENTED La Crosse WI,"$1,350 ","Trash, Refrigerator, Range/Oven",100,
